feature,gain_total,gain_mean
mean_b,3360.5995412022457,336.0599541202246
ita_angle,1480.5822737083436,148.05822737083435
emb_431,1270.4465064406395,127.04465064406395
emb_505,786.8692403063178,78.68692403063179
std_a,745.0305016823113,74.50305016823113
emb_308,431.8526740819216,43.18526740819216
emb_450,337.0925654657185,33.70925654657185
emb_532,323.7713797092438,32.37713797092438
emb_544,321.25514912605286,32.12551491260528
emb_547,303.6548292962834,30.365482929628342
emb_487,288.3489829003811,28.834898290038108
emb_108,284.08069837093353,28.408069837093354
emb_285,278.6543998718262,27.86543998718262
emb_478,232.95387494564056,23.295387494564057
emb_252,207.5532922744751,20.75532922744751
emb_211,194.61611872911453,19.461611872911455
emb_10,163.37756283581257,16.337756283581257
emb_28,136.8761876374483,13.687618763744831
emb_344,135.46926695667207,13.546926695667207
emb_392,131.62428006529808,13.162428006529808
emb_315,128.99917510151863,12.899917510151862
emb_335,127.54335276223719,12.754335276223719
emb_548,100.99377453327179,10.099377453327179
emb_459,98.34828396141529,9.834828396141528
emb_103,97.38392513990402,9.738392513990402
emb_420,96.84109115600586,9.684109115600586
emb_164,95.3188408613205,9.531884086132049
emb_536,93.51044263737276,9.351044263737275
emb_483,89.38201380590908,8.938201380590908
emb_297,86.67398776113987,8.667398776113988
emb_551,83.74367105960846,8.374367105960847
emb_408,83.53885317128152,8.353885317128151
std_b,83.05867993831635,8.305867993831635
emb_21,76.8695475384593,7.68695475384593
emb_6,73.37637996673584,7.337637996673584
emb_351,70.68041898310184,7.0680418983101845
emb_168,68.31667470932007,6.831667470932007
emb_58,67.99602860212326,6.799602860212326
emb_250,64.81754633784294,6.481754633784294
emb_107,60.462219417095184,6.046221941709518
emb_214,59.83459538221359,5.983459538221359
emb_61,57.73411271908117,5.773411271908117
emb_176,56.413354666903615,5.641335466690362
emb_190,55.64694359898567,5.564694359898567
emb_104,54.177230536937714,5.417723053693772
emb_149,53.4831999540329,5.34831999540329
emb_102,52.512974202632904,5.25129742026329
emb_513,51.829989433288574,5.182998943328857
emb_137,49.76912719011307,4.976912719011307
emb_207,49.014400243759155,4.9014400243759155
emb_225,47.32206006348133,4.732206006348133
emb_564,47.001978516578674,4.700197851657867
emb_148,45.12186944484711,4.512186944484711
emb_32,43.71028538496466,4.371028538496466
emb_264,43.576625287532806,4.357662528753281
emb_527,41.678167670965195,4.16781676709652
emb_121,40.5765026807785,4.05765026807785
emb_241,39.73861014842987,3.973861014842987
emb_476,38.997260093688965,3.8997260093688966
emb_443,36.96128034591675,3.6961280345916747
emb_454,36.87961963843554,3.6879619638435543
emb_67,36.13465750217438,3.6134657502174377
emb_249,35.67612612247467,3.567612612247467
emb_463,35.108387902379036,3.5108387902379037
emb_563,35.09218883514404,3.5092188835144045
emb_490,34.67008276283741,3.467008276283741
emb_453,34.111197240650654,3.4111197240650655
emb_369,34.01561810821295,3.4015618108212946
emb_167,33.046132639050484,3.3046132639050483
emb_44,31.846797835081816,3.1846797835081815
emb_98,31.57148015499115,3.157148015499115
emb_495,30.431639909744263,3.0431639909744264
emb_292,30.16837990283966,3.016837990283966
emb_444,30.095145106315613,3.0095145106315613
emb_567,29.93935990333557,2.993935990333557
emb_395,29.619440972805023,2.9619440972805022
emb_304,29.61484980583191,2.961484980583191
emb_59,29.419682443141937,2.941968244314194
emb_298,28.97353888535872,2.8973538885358723
emb_506,27.51044112816453,2.751044112816453
emb_101,26.784500169567764,2.678450016956776
emb_570,26.651676207780838,2.665167620778084
emb_19,26.5381388515234,2.65381388515234
emb_394,26.531149983406067,2.6531149983406066
emb_187,26.291996113955975,2.6291996113955975
emb_355,25.997107207775116,2.5997107207775114
emb_380,25.903669834136963,2.590366983413696
emb_271,25.86080679250881,2.5860806792508813
emb_530,25.851841738447547,2.5851841738447545
emb_290,25.729270339012146,2.5729270339012147
emb_348,25.187939882278442,2.518793988227844
emb_12,24.93610318005085,2.493610318005085
emb_473,24.7957636481151,2.4795763648115097
emb_160,23.308801591396332,2.330880159139633
emb_24,23.23238968849182,2.323238968849182
emb_492,22.316369891166687,2.2316369891166685
emb_182,21.88616806268692,2.188616806268692
emb_432,21.484163984656334,2.1484163984656335
emb_287,20.95574975013733,2.095574975013733
emb_156,20.834410071372986,2.0834410071372984
emb_274,20.681089997291565,2.0681089997291564
emb_402,20.62474186718464,2.0624741867184637
emb_162,20.55307587981224,2.055307587981224
emb_228,20.21057939529419,2.021057939529419
emb_281,20.10614374279976,2.010614374279976
emb_571,20.04480493068695,2.0044804930686952
emb_407,19.982871115207672,1.9982871115207672
emb_89,19.854790657758713,1.9854790657758712
emb_307,19.582029923796654,1.9582029923796653
emb_255,19.21884396672249,1.9218843966722488
emb_376,18.593962162733078,1.8593962162733078
emb_130,18.527399316430092,1.852739931643009
emb_514,18.436457008123398,1.8436457008123397
emb_200,18.23072385787964,1.8230723857879638
emb_328,18.187893748283386,1.8187893748283386
emb_248,17.670278191566467,1.7670278191566466
emb_52,17.669237732887268,1.7669237732887269
emb_346,17.534149765968323,1.7534149765968323
emb_272,17.311652958393097,1.7311652958393098
emb_425,17.12456339597702,1.712456339597702
emb_378,16.877062052488327,1.6877062052488327
emb_396,16.698230266571045,1.6698230266571046
emb_455,16.66037693619728,1.666037693619728
emb_509,16.654107183218002,1.6654107183218003
emb_445,16.65184274315834,1.665184274315834
emb_363,16.32650512456894,1.632650512456894
emb_393,16.259470462799072,1.6259470462799073
emb_361,16.244696313515306,1.6244696313515306
emb_17,16.10037463903427,1.6100374639034272
emb_484,15.938413083553314,1.5938413083553313
emb_77,15.579248905181885,1.5579248905181884
emb_238,15.141124069690704,1.5141124069690703
emb_341,15.133011415600777,1.5133011415600777
emb_503,14.37373971939087,1.437373971939087
emb_326,14.112308028154075,1.4112308028154075
emb_306,13.923573076725006,1.3923573076725007
emb_221,13.904690265655518,1.3904690265655517
emb_540,13.865308409789577,1.3865308409789576
emb_546,13.732349174330011,1.3732349174330012
emb_229,13.719461143016815,1.3719461143016816
emb_409,13.7128766477108,1.37128766477108
emb_84,13.712384862825274,1.3712384862825275
emb_549,13.633649915456772,1.3633649915456771
emb_288,13.278038044460118,1.3278038044460119
emb_517,12.907001987099648,1.2907001987099647
emb_126,12.895428106188774,1.2895428106188773
emb_222,12.837409615516663,1.2837409615516662
emb_349,12.801989912986755,1.2801989912986755
emb_62,12.70291131734848,1.270291131734848
emb_45,12.537982881069183,1.2537982881069183
emb_555,12.37028743326664,1.237028743326664
emb_312,12.309630990028381,1.2309630990028382
emb_159,12.228286895900965,1.2228286895900964
emb_133,12.18237590789795,1.2182375907897949
emb_83,12.1736900806427,1.21736900806427
emb_93,12.014470100402832,1.2014470100402832
emb_440,11.854690074920654,1.1854690074920655
emb_375,11.852390050888062,1.1852390050888062
emb_379,11.789220333099365,1.1789220333099366
emb_261,11.321359872817993,1.1321359872817993
emb_525,11.307589769363403,1.1307589769363404
emb_472,11.259505392983556,1.1259505392983555
emb_501,11.145380139350891,1.1145380139350891
emb_27,11.138695476576686,1.1138695476576685
emb_494,11.124508532695472,1.1124508532695472
emb_368,11.114299774169922,1.1114299774169922
emb_331,10.735010027885437,1.0735010027885437
emb_140,10.48465296626091,1.048465296626091
emb_78,10.431730151176453,1.0431730151176453
emb_359,9.975919961929321,0.9975919961929322
emb_520,9.795694798231125,0.9795694798231125
emb_373,9.686309814453125,0.9686309814453125
emb_51,9.475200057029724,0.9475200057029725
emb_460,9.4343900680542,0.9434390068054199
emb_293,9.415850222110748,0.9415850222110749
emb_166,9.396329879760742,0.9396329879760742
emb_390,9.381119728088379,0.9381119728088378
emb_203,9.352436155080795,0.9352436155080796
emb_109,9.270339965820312,0.9270339965820312
emb_217,9.138467169832438,0.9138467169832438
emb_324,9.10139000415802,0.910139000415802
emb_18,9.052550412714481,0.9052550412714482
emb_181,8.955021257221233,0.8955021257221233
emb_508,8.877709865570068,0.8877709865570068
emb_329,8.827511474490166,0.8827511474490166
emb_205,8.827239990234375,0.8827239990234375
emb_433,8.693672895431519,0.8693672895431519
emb_40,8.499632366001606,0.8499632366001606
emb_143,8.08525002002716,0.808525002002716
emb_565,8.061667785339523,0.8061667785339524
emb_554,7.865076154470444,0.7865076154470444
emb_260,7.757019996643066,0.7757019996643066
emb_76,7.7519366517663,0.77519366517663
emb_442,7.564164996147156,0.7564164996147156
emb_122,7.5470099449157715,0.7547009944915771
emb_23,7.381550073623657,0.7381550073623657
emb_435,7.2760211527347565,0.7276021152734756
emb_234,6.9927098751068115,0.6992709875106812
emb_155,6.966450214385986,0.6966450214385986
emb_117,6.794880151748657,0.6794880151748657
emb_63,6.791620131582022,0.6791620131582021
emb_196,6.773502469062805,0.6773502469062805
emb_88,6.637549877166748,0.6637549877166748
emb_534,6.589832748286426,0.6589832748286426
emb_446,6.562828958034515,0.6562828958034516
emb_230,6.494223773479462,0.6494223773479462
emb_465,6.454848766326904,0.6454848766326904
emb_262,6.412990130484104,0.6412990130484104
emb_1,6.196172297000885,0.6196172297000885
emb_354,6.162103316280991,0.6162103316280991
emb_316,6.02373993396759,0.602373993396759
emb_75,5.965090036392212,0.5965090036392212
emb_95,5.9263609506888315,0.5926360950688832
emb_345,5.747610092163086,0.5747610092163086
emb_468,5.721142889349721,0.5721142889349722
emb_381,5.691699981689453,0.5691699981689453
emb_515,5.60552978515625,0.560552978515625
emb_480,5.547208070755005,0.5547208070755005
emb_518,5.525820016860962,0.5525820016860962
emb_398,5.520669333636761,0.5520669333636761
emb_14,5.515419960021973,0.5515419960021972
emb_141,5.460716068744659,0.546071606874466
emb_561,5.445179434493184,0.5445179434493184
emb_71,5.4411269426345825,0.5441126942634582
emb_447,5.370582073926926,0.5370582073926926
emb_178,5.363060116767883,0.5363060116767884
emb_136,5.1149261593818665,0.5114926159381866
emb_424,4.809720039367676,0.4809720039367676
emb_236,4.748492062091827,0.47484920620918275
emb_135,4.733426928520203,0.47334269285202024
emb_286,4.722909927368164,0.4722909927368164
emb_39,4.661809921264648,0.46618099212646485
emb_128,4.590530872344971,0.45905308723449706
emb_112,4.560969948768616,0.45609699487686156
emb_504,4.55783998966217,0.455783998966217
emb_278,4.5560197830200195,0.45560197830200194
emb_474,4.5451260805130005,0.45451260805130006
emb_223,4.502660036087036,0.4502660036087036
emb_147,4.468802958726883,0.4468802958726883
emb_169,4.459757924079895,0.4459757924079895
emb_152,4.3544580936431885,0.43544580936431887
emb_22,4.314149856567383,0.4314149856567383
emb_438,4.3049304485321045,0.43049304485321044
emb_115,4.291864644503221,0.4291864644503221
emb_69,4.241429805755615,0.42414298057556155
emb_362,4.174233278725296,0.4174233278725296
emb_131,4.17187887430191,0.41718788743019103
emb_265,4.166346796788275,0.4166346796788275
emb_26,4.147970199584961,0.4147970199584961
emb_387,4.067331969738007,0.40673319697380067
emb_300,4.061089992523193,0.40610899925231936
emb_449,4.0346598625183105,0.40346598625183105
emb_388,3.9527390897274017,0.3952739089727402
emb_11,3.9294389188289642,0.3929438918828964
emb_270,3.9202860891819,0.39202860891819
emb_123,3.9080610871315002,0.39080610871315
emb_242,3.882862001657486,0.3882862001657486
emb_414,3.8308900594711304,0.38308900594711304
emb_528,3.827077981841285,0.3827077981841285
emb_441,3.7925509959459305,0.379255099594593
emb_34,3.778779983520508,0.37787799835205077
emb_54,3.759483963251114,0.3759483963251114
emb_457,3.694477792829275,0.3694477792829275
emb_497,3.673099994659424,0.3673099994659424
emb_461,3.671449899673462,0.3671449899673462
emb_192,3.622369945049286,0.3622369945049286
emb_163,3.5873100757598877,0.35873100757598875
emb_197,3.54082989692688,0.354082989692688
emb_127,3.5031812554225326,0.3503181255422533
emb_416,3.379621272906661,0.3379621272906661
emb_198,3.330505058169365,0.3330505058169365
emb_232,3.3299700021743774,0.3329970002174377
emb_49,3.317430019378662,0.3317430019378662
emb_317,3.312456965446472,0.3312456965446472
emb_397,3.2813481092453003,0.32813481092453
emb_524,3.278554581105709,0.32785545811057093
emb_510,3.2714554350823164,0.32714554350823166
emb_309,3.2652599811553955,0.32652599811553956
emb_411,3.251610040664673,0.3251610040664673
emb_56,3.25150990486145,0.32515099048614504
emb_172,3.234556046882062,0.3234556046882062
emb_43,3.2245081067085266,0.3224508106708527
emb_417,3.2239667139947414,0.32239667139947414
emb_175,3.138849973678589,0.3138849973678589
emb_72,3.1095007294788957,0.31095007294788957
emb_208,3.1092010140419006,0.3109201014041901
emb_500,3.0645769834518433,0.3064576983451843
emb_365,3.042949914932251,0.3042949914932251
emb_512,3.0178000926971436,0.3017800092697144
emb_519,3.008164033293724,0.30081640332937243
emb_496,2.966671109199524,0.2966671109199524
emb_64,2.9355020076036453,0.29355020076036453
emb_458,2.914560079574585,0.2914560079574585
emb_339,2.9005699157714844,0.2900569915771484
emb_419,2.812419891357422,0.28124198913574217
emb_482,2.810829997062683,0.2810829997062683
emb_538,2.796985015273094,0.2796985015273094
emb_202,2.727169990539551,0.2727169990539551
emb_327,2.6966300010681152,0.26966300010681155
emb_573,2.5981269776821136,0.25981269776821136
emb_186,2.578550317324698,0.2578550317324698
emb_305,2.542030096054077,0.2542030096054077
emb_385,2.4954700469970703,0.24954700469970703
emb_235,2.4761449098587036,0.24761449098587035
emb_283,2.4689379930496216,0.24689379930496216
emb_430,2.455901935696602,0.2455901935696602
emb_8,2.448740005493164,0.2448740005493164
emb_268,2.419250011444092,0.24192500114440918
emb_256,2.4132080078125,0.24132080078125
emb_535,2.371659994125366,0.23716599941253663
emb_557,2.355837918817997,0.2355837918817997
emb_364,2.3552799224853516,0.23552799224853516
emb_233,2.3517269417643547,0.23517269417643547
emb_347,2.335750102996826,0.2335750102996826
emb_73,2.293410062789917,0.2293410062789917
emb_116,2.2611470222473145,0.22611470222473146
emb_529,2.253394067287445,0.2253394067287445
emb_174,2.2279749512672424,0.22279749512672425
emb_566,2.215484470129013,0.2215484470129013
emb_526,2.132341980934143,0.21323419809341432
emb_475,2.111544966697693,0.2111544966697693
emb_9,2.0909500122070312,0.20909500122070312
emb_451,2.0748110115528107,0.20748110115528107
emb_401,1.8528345692902803,0.18528345692902803
emb_259,1.7556400299072266,0.17556400299072267
emb_434,1.740530014038086,0.17405300140380858
emb_25,1.7205170392990112,0.17205170392990113
emb_343,1.6813299655914307,0.16813299655914307
emb_353,1.5630300045013428,0.1563030004501343
emb_244,1.514050006866455,0.1514050006866455
emb_485,1.4965749680995941,0.1496574968099594
emb_280,1.4730600118637085,0.14730600118637086
emb_144,1.464460015296936,0.14644600152969361
emb_323,1.4431300163269043,0.14431300163269042
emb_183,1.4263679620344192,0.1426367962034419
emb_552,1.424430012702942,0.1424430012702942
emb_194,1.4206279814243317,0.14206279814243317
emb_456,1.40447998046875,0.140447998046875
emb_199,1.3522465750575066,0.13522465750575066
emb_170,1.3440495058894157,0.13440495058894159
emb_195,1.3292680382728577,0.13292680382728578
emb_320,1.3100090324878693,0.13100090324878694
emb_258,1.2914270162582397,0.12914270162582397
emb_391,1.2825499773025513,0.12825499773025512
emb_3,1.2608587136492133,0.12608587136492133
emb_15,1.2348909974098206,0.12348909974098206
emb_452,1.1581290066242218,0.11581290066242218
emb_423,1.1510299444198608,0.11510299444198609
emb_86,1.1252299547195435,0.11252299547195435
emb_486,1.1233999729156494,0.11233999729156494
emb_533,1.1131099462509155,0.11131099462509156
emb_572,1.076259970664978,0.10762599706649781
emb_36,1.0084811245615128,0.10084811245615129
emb_321,0.9478719830513,0.09478719830513001
emb_120,0.9048729836940765,0.09048729836940765
emb_91,0.8888450264930725,0.08888450264930725
emb_542,0.8757422994822264,0.08757422994822264
emb_429,0.8690810203552246,0.08690810203552246
emb_79,0.8474230170249939,0.08474230170249938
emb_180,0.791890025138855,0.0791890025138855
emb_299,0.7913299798965454,0.07913299798965454
emb_325,0.7729970216751099,0.07729970216751099
emb_30,0.7632889747619629,0.07632889747619628
emb_231,0.7575579881668091,0.0757557988166809
emb_403,0.7246350049972534,0.07246350049972534
emb_47,0.7074339985847473,0.07074339985847473
emb_276,0.6962530016899109,0.06962530016899109
emb_469,0.6959519982337952,0.06959519982337951
emb_110,0.6705849766731262,0.06705849766731262
emb_464,0.648410975933075,0.0648410975933075
emb_462,0.6332129836082458,0.06332129836082459
emb_350,0.6234328462742269,0.06234328462742269
emb_125,0.6151114352978766,0.06151114352978766
emb_284,0.5739759802818298,0.057397598028182985
emb_46,0.5679129958152771,0.05679129958152771
emb_74,0.5368840098381042,0.053688400983810426
emb_243,0.4728360027074814,0.04728360027074814
emb_384,0.4701240062713623,0.04701240062713623
emb_257,0.46195625700056553,0.04619562570005655
emb_421,0.4525766990846023,0.04525766990846023
emb_80,0.43794798851013184,0.043794798851013186
emb_412,0.4239148981869221,0.04239148981869221
emb_493,0.40544599294662476,0.040544599294662476
emb_145,0.38018599152565,0.038018599152565
emb_177,0.34947600960731506,0.034947600960731504
emb_204,0.34605199098587036,0.03460519909858704
emb_332,0.3297240138053894,0.03297240138053894
emb_146,0.3199079930782318,0.031990799307823184
emb_185,0.29050499200820923,0.029050499200820923
emb_142,0.28483062889426947,0.028483062889426945
emb_0,0.24783100187778473,0.024783100187778472
emb_251,0.2414126992225647,0.02414126992225647
emb_289,0.20547600090503693,0.020547600090503694
emb_575,0.20174400508403778,0.02017440050840378
emb_246,0.19507700204849243,0.019507700204849245
emb_427,0.19470499455928802,0.019470499455928804
emb_413,0.1886579990386963,0.018865799903869628
emb_227,0.17126399278640747,0.017126399278640746
emb_366,0.16992099583148956,0.016992099583148956
emb_2,0.15616099536418915,0.015616099536418914
emb_41,0.14335699379444122,0.014335699379444122
emb_539,0.12091200053691864,0.012091200053691863
emb_245,0.12064199894666672,0.012064199894666672
emb_132,0.12021400034427643,0.012021400034427643
emb_367,0.11692500114440918,0.011692500114440918
emb_153,0.11244070343673229,0.011244070343673229
emb_239,0.08537259697914124,0.008537259697914124
emb_68,0.06913260370492935,0.006913260370492935
emb_400,0.06584680080413818,0.006584680080413819
emb_53,0.051255640340968966,0.005125564034096896
emb_319,0.034258580300956964,0.0034258580300956963
emb_277,0.023507900536060333,0.0023507900536060334
emb_57,0.021702399477362633,0.002170239947736263
emb_541,0.019168300554156303,0.0019168300554156304
emb_477,0.018462300300598145,0.0018462300300598144
emb_569,0.015657899901270866,0.0015657899901270866
emb_372,0.010490999557077885,0.0010490999557077885
emb_559,0.00918522011488676,0.0009185220114886761
emb_263,0.00665020989254117,0.000665020989254117
emb_129,0.006003740127198398,0.0006003740127198398
emb_330,0.0038232901133596897,0.000382329011335969
emb_154,0.002689996035769582,0.0002689996035769582
mean_a,0.0015797700616531074,0.00015797700616531073
emb_210,0.001330740051344037,0.0001330740051344037
emb_334,0.00044074500328861177,4.407450032886118e-05
emb_209,0.00043835400720126927,4.3835400720126924e-05
emb_70,0.0004261680005583912,4.2616800055839124e-05
emb_87,0.00021247999393381178,2.1247999393381177e-05
emb_521,0.0,0.0
emb_85,0.0,0.0
emb_82,0.0,0.0
emb_90,0.0,0.0
emb_92,0.0,0.0
emb_94,0.0,0.0
emb_96,0.0,0.0
emb_522,0.0,0.0
emb_523,0.0,0.0
emb_511,0.0,0.0
emb_516,0.0,0.0
emb_97,0.0,0.0
emb_139,0.0,0.0
emb_138,0.0,0.0
emb_134,0.0,0.0
emb_498,0.0,0.0
emb_499,0.0,0.0
emb_356,0.0,0.0
emb_502,0.0,0.0
emb_124,0.0,0.0
emb_119,0.0,0.0
emb_118,0.0,0.0
emb_114,0.0,0.0
emb_507,0.0,0.0
emb_113,0.0,0.0
emb_111,0.0,0.0
emb_106,0.0,0.0
emb_357,0.0,0.0
emb_105,0.0,0.0
emb_100,0.0,0.0
emb_99,0.0,0.0
emb_81,0.0,0.0
emb_311,0.0,0.0
emb_374,0.0,0.0
emb_13,0.0,0.0
emb_556,0.0,0.0
emb_29,0.0,0.0
emb_558,0.0,0.0
emb_560,0.0,0.0
emb_20,0.0,0.0
emb_562,0.0,0.0
emb_16,0.0,0.0
emb_7,0.0,0.0
emb_33,0.0,0.0
emb_5,0.0,0.0
emb_4,0.0,0.0
emb_568,0.0,0.0
emb_370,0.0,0.0
emb_360,0.0,0.0
std_L,0.0,0.0
emb_574,0.0,0.0
emb_31,0.0,0.0
emb_553,0.0,0.0
emb_531,0.0,0.0
emb_50,0.0,0.0
emb_66,0.0,0.0
emb_65,0.0,0.0
emb_60,0.0,0.0
emb_352,0.0,0.0
emb_537,0.0,0.0
emb_55,0.0,0.0
emb_358,0.0,0.0
emb_543,0.0,0.0
emb_35,0.0,0.0
emb_48,0.0,0.0
emb_545,0.0,0.0
emb_42,0.0,0.0
emb_371,0.0,0.0
emb_38,0.0,0.0
emb_550,0.0,0.0
emb_37,0.0,0.0
emb_377,0.0,0.0
emb_150,0.0,0.0
emb_342,0.0,0.0
emb_279,0.0,0.0
emb_275,0.0,0.0
emb_273,0.0,0.0
emb_426,0.0,0.0
emb_322,0.0,0.0
emb_428,0.0,0.0
emb_269,0.0,0.0
emb_267,0.0,0.0
emb_266,0.0,0.0
emb_254,0.0,0.0
emb_253,0.0,0.0
emb_436,0.0,0.0
emb_437,0.0,0.0
emb_333,0.0,0.0
emb_439,0.0,0.0
emb_247,0.0,0.0
emb_389,0.0,0.0
emb_336,0.0,0.0
emb_422,0.0,0.0
emb_282,0.0,0.0
emb_491,0.0,0.0
emb_418,0.0,0.0
emb_310,0.0,0.0
emb_303,0.0,0.0
emb_302,0.0,0.0
emb_404,0.0,0.0
emb_405,0.0,0.0
emb_406,0.0,0.0
emb_301,0.0,0.0
emb_296,0.0,0.0
emb_295,0.0,0.0
emb_410,0.0,0.0
emb_294,0.0,0.0
emb_313,0.0,0.0
emb_314,0.0,0.0
emb_291,0.0,0.0
emb_415,0.0,0.0
emb_318,0.0,0.0
mean_L,0.0,0.0
emb_240,0.0,0.0
emb_237,0.0,0.0
emb_386,0.0,0.0
emb_448,0.0,0.0
emb_382,0.0,0.0
emb_184,0.0,0.0
emb_179,0.0,0.0
emb_338,0.0,0.0
emb_173,0.0,0.0
emb_171,0.0,0.0
emb_165,0.0,0.0
emb_479,0.0,0.0
emb_161,0.0,0.0
emb_481,0.0,0.0
emb_158,0.0,0.0
emb_157,0.0,0.0
emb_151,0.0,0.0
emb_399,0.0,0.0
emb_488,0.0,0.0
emb_489,0.0,0.0
emb_340,0.0,0.0
emb_470,0.0,0.0
emb_383,0.0,0.0
emb_188,0.0,0.0
emb_213,0.0,0.0
emb_226,0.0,0.0
emb_224,0.0,0.0
emb_220,0.0,0.0
emb_219,0.0,0.0
emb_218,0.0,0.0
emb_216,0.0,0.0
emb_215,0.0,0.0
emb_212,0.0,0.0
emb_467,0.0,0.0
emb_206,0.0,0.0
emb_337,0.0,0.0
emb_201,0.0,0.0
emb_193,0.0,0.0
emb_191,0.0,0.0
emb_189,0.0,0.0
emb_466,0.0,0.0
emb_471,0.0,0.0
